target,seed,fold,test_r2
Youngs_modulus,0,0,0.9969333526223703
Youngs_modulus,0,1,0.9942602065831322
Youngs_modulus,0,2,0.9974570948781384
Youngs_modulus,0,3,0.9977917241869397
Youngs_modulus,0,4,0.9976008759975388
UTS,0,0,0.9958664682749833
UTS,0,1,0.9935812945262692
UTS,0,2,0.9956284814382467
UTS,0,3,0.9961463175242196
UTS,0,4,0.9968233495789546
Disloc_0pct,0,0,0.9837006878145594
Disloc_0pct,0,1,0.9843671238307953
Disloc_0pct,0,2,0.9823287048768313
Disloc_0pct,0,3,0.9851406537954553
Disloc_0pct,0,4,0.9819365985530232
Disloc_20pct,0,0,0.9163791767331553
Disloc_20pct,0,1,0.9219871126774436
Disloc_20pct,0,2,0.927327045596668
Disloc_20pct,0,3,0.9503488988379379
Disloc_20pct,0,4,0.9226121726597584
FCC_0pct,0,0,0.9996973181586345
FCC_0pct,0,1,0.9996749117809531
FCC_0pct,0,2,0.9997121924727862
FCC_0pct,0,3,0.9997437746553799
FCC_0pct,0,4,0.999717046227659
HCP_0pct,0,0,0.7971201941373286
HCP_0pct,0,1,0.800080150745831
HCP_0pct,0,2,0.8096797276247849
HCP_0pct,0,3,0.7897851850147373
HCP_0pct,0,4,0.777614928174718
BCC_0pct,0,0,0.4683283131356859
BCC_0pct,0,1,0.49846214084271945
BCC_0pct,0,2,0.35703051788374096
BCC_0pct,0,3,0.4388411087734485
BCC_0pct,0,4,0.44150716744724805
FCC_20pct,0,0,0.9638258855833368
FCC_20pct,0,1,0.9654615595634576
FCC_20pct,0,2,0.9716911406046502
FCC_20pct,0,3,0.9669685433710757
FCC_20pct,0,4,0.9682479167090519
HCP_20pct,0,0,0.8325733078371091
HCP_20pct,0,1,0.8594693477152981
HCP_20pct,0,2,0.8629216872802223
HCP_20pct,0,3,0.8368613863624217
HCP_20pct,0,4,0.8610013297353302
BCC_20pct,0,0,0.9408880538169926
BCC_20pct,0,1,0.933906346781577
BCC_20pct,0,2,0.9131211230081485
BCC_20pct,0,3,0.9403579731465856
BCC_20pct,0,4,0.9136250439905929
Other_0pct,0,0,0.9995885701125732
Other_0pct,0,1,0.9996341737446518
Other_0pct,0,2,0.9996743173396682
Other_0pct,0,3,0.9997406483352368
Other_0pct,0,4,0.9996304658811787
Other_20pct,0,0,0.9983122525674963
Other_20pct,0,1,0.9984634116385073
Other_20pct,0,2,0.998571013164835
Other_20pct,0,3,0.9984825345142513
Other_20pct,0,4,0.9985595104238221
Youngs_modulus,1,0,0.9969333526223703
Youngs_modulus,1,1,0.9942602065831322
Youngs_modulus,1,2,0.9974570948781384
Youngs_modulus,1,3,0.9977917241869397
Youngs_modulus,1,4,0.9976008759975388
UTS,1,0,0.9958664649751456
UTS,1,1,0.9935812946655116
UTS,1,2,0.9956284814382467
UTS,1,3,0.9961463175242196
UTS,1,4,0.9968233498210254
Disloc_0pct,1,0,0.9837006947633169
Disloc_0pct,1,1,0.9843671207390026
Disloc_0pct,1,2,0.9823287035071154
Disloc_0pct,1,3,0.9851406506225758
Disloc_0pct,1,4,0.9819365991298521
Disloc_20pct,1,0,0.9163791518240301
Disloc_20pct,1,1,0.9219871135337467
Disloc_20pct,1,2,0.9273270283355941
Disloc_20pct,1,3,0.9503488988379379
Disloc_20pct,1,4,0.9226121778253971
FCC_0pct,1,0,0.9996973182390101
FCC_0pct,1,1,0.9996749091909676
FCC_0pct,1,2,0.9997121924918232
FCC_0pct,1,3,0.9997437746054396
FCC_0pct,1,4,0.9997170468793146
HCP_0pct,1,0,0.7971201924926594
HCP_0pct,1,1,0.8000801138088078
HCP_0pct,1,2,0.8096798175827504
HCP_0pct,1,3,0.7897851621432253
HCP_0pct,1,4,0.777614928174718
BCC_0pct,1,0,0.46832832940936375
BCC_0pct,1,1,0.49846216626221684
BCC_0pct,1,2,0.3570305147637086
BCC_0pct,1,3,0.4388415786739588
BCC_0pct,1,4,0.44150722749717464
FCC_20pct,1,0,0.9638258770726394
FCC_20pct,1,1,0.9186946597344171
FCC_20pct,1,2,0.9716911449220647
FCC_20pct,1,3,0.9669685441100363
FCC_20pct,1,4,0.968247914406234
HCP_20pct,1,0,0.8325733078371091
HCP_20pct,1,1,0.8594693477152981
HCP_20pct,1,2,0.8629216872802223
HCP_20pct,1,3,0.8368613863624217
HCP_20pct,1,4,0.8610013297353302
BCC_20pct,1,0,0.9408880523479963
BCC_20pct,1,1,0.9339063334895482
BCC_20pct,1,2,0.9131211222327633
BCC_20pct,1,3,0.9403579618524699
BCC_20pct,1,4,0.9136250830560987
Other_0pct,1,0,0.999588570748471
Other_0pct,1,1,0.9609785382841844
Other_0pct,1,2,0.9996743170660091
Other_0pct,1,3,0.9997406486477576
Other_0pct,1,4,0.9996304658515507
Other_20pct,1,0,0.9978625021039554
Other_20pct,1,1,0.9984634118755454
Other_20pct,1,2,0.9985710135393514
Other_20pct,1,3,0.9984825345162606
Other_20pct,1,4,0.9985595103946737
Youngs_modulus,2,0,0.9969333526223703
Youngs_modulus,2,1,0.9942602065831322
Youngs_modulus,2,2,0.9974570948781384
Youngs_modulus,2,3,0.9977917241869397
Youngs_modulus,2,4,0.9976008759975388
UTS,2,0,0.9958664672690378
UTS,2,1,0.9935812942175696
UTS,2,2,0.9956284814382467
UTS,2,3,0.9961463170297375
UTS,2,4,0.9968233495439539
Disloc_0pct,2,0,0.9837006896200005
Disloc_0pct,2,1,0.9843671207390026
Disloc_0pct,2,2,0.9823287051859627
Disloc_0pct,2,3,0.9851406539988847
Disloc_0pct,2,4,0.9819365986975732
Disloc_20pct,2,0,0.9163791495554677
Disloc_20pct,2,1,0.9219871114951722
Disloc_20pct,2,2,0.9273270480813779
Disloc_20pct,2,3,0.9503488972447994
Disloc_20pct,2,4,0.9226121735186529
FCC_0pct,2,0,0.9996973181576857
FCC_0pct,2,1,0.9996749095363792
FCC_0pct,2,2,0.9997121924918232
FCC_0pct,2,3,0.9997437746054396
FCC_0pct,2,4,0.9997170461718635
HCP_0pct,2,0,0.7971201924926594
HCP_0pct,2,1,0.8000801497898762
HCP_0pct,2,2,0.8096798175827504
HCP_0pct,2,3,0.7897851677851753
HCP_0pct,2,4,0.777614928174718
BCC_0pct,2,0,0.7095455334217982
BCC_0pct,2,1,0.7107528652257711
BCC_0pct,2,2,0.6143970177277515
BCC_0pct,2,3,0.6965181164733043
BCC_0pct,2,4,0.6618032135753041
FCC_20pct,2,0,0.9638258846094662
FCC_20pct,2,1,0.9654615586025166
FCC_20pct,2,2,0.9716911412448879
FCC_20pct,2,3,0.9669685472694229
FCC_20pct,2,4,0.9682479094326886
HCP_20pct,2,0,0.8325733152083447
HCP_20pct,2,1,0.8594693462442189
HCP_20pct,2,2,0.8629216885817891
HCP_20pct,2,3,0.8368613908859001
HCP_20pct,2,4,0.8610013342678834
BCC_20pct,2,0,0.9408880552595411
BCC_20pct,2,1,0.9339063311412152
BCC_20pct,2,2,0.9131211217947149
BCC_20pct,2,3,0.9403579618524699
BCC_20pct,2,4,0.9136250478459511
Other_0pct,2,0,0.9995885713496467
Other_0pct,2,1,0.9996341737449984
Other_0pct,2,2,0.9996743169724777
Other_0pct,2,3,0.9997406487441834
Other_0pct,2,4,0.9996304658404994
Other_20pct,2,0,0.9980178586160376
Other_20pct,2,1,0.998463411287877
Other_20pct,2,2,0.9985710135976122
Other_20pct,2,3,0.9973640008275262
Other_20pct,2,4,0.9979586482055748
Youngs_modulus,3,0,0.9969333526489182
Youngs_modulus,3,1,0.9942602062993946
Youngs_modulus,3,2,0.9974570948941832
Youngs_modulus,3,3,0.9977917234411003
Youngs_modulus,3,4,0.9976008758973323
UTS,3,0,0.9958664671957301
UTS,3,1,0.9935812947223743
UTS,3,2,0.9956284814086359
UTS,3,3,0.9961463175242196
UTS,3,4,0.9968233498210254
Disloc_0pct,3,0,0.9837006899188584
Disloc_0pct,3,1,0.984367122669418
Disloc_0pct,3,2,0.9823287064807329
Disloc_0pct,3,3,0.9851406506225758
Disloc_0pct,3,4,0.981936598755451
Disloc_20pct,3,0,0.9163791690690031
Disloc_20pct,3,1,0.9219871112836148
Disloc_20pct,3,2,0.9273270482134837
Disloc_20pct,3,3,0.950348895526002
Disloc_20pct,3,4,0.9226121743070471
FCC_0pct,3,0,0.9996973179824632
FCC_0pct,3,1,0.9996749103544794
FCC_0pct,3,2,0.9997121924918232
FCC_0pct,3,3,0.9997437746054396
FCC_0pct,3,4,0.9997170456547576
HCP_0pct,3,0,0.7971201924926594
HCP_0pct,3,1,0.8000801619489862
HCP_0pct,3,2,0.8096797904094382
HCP_0pct,3,3,0.7897851430499033
HCP_0pct,3,4,0.7776149468193128
BCC_0pct,3,0,0.7095455597572886
BCC_0pct,3,1,0.4984621505081256
BCC_0pct,3,2,0.3570305147637086
BCC_0pct,3,3,0.4388411019073025
BCC_0pct,3,4,0.44150722617270655
FCC_20pct,3,0,0.9638258841426144
FCC_20pct,3,1,0.9654615587104478
FCC_20pct,3,2,0.9716911392807983
FCC_20pct,3,3,0.9669685174167826
FCC_20pct,3,4,0.9682479180777669
HCP_20pct,3,0,0.8325733152260373
HCP_20pct,3,1,0.8594693339013223
HCP_20pct,3,2,0.8629216680533978
HCP_20pct,3,3,0.8368613890912211
HCP_20pct,3,4,0.8610013323126853
BCC_20pct,3,0,0.9408880594499509
BCC_20pct,3,1,0.9339063426382422
BCC_20pct,3,2,0.9131211716644222
BCC_20pct,3,3,0.9403579618524699
BCC_20pct,3,4,0.9136250565424974
Other_0pct,3,0,0.9995885707146048
Other_0pct,3,1,0.9991597306619682
Other_0pct,3,2,0.9996743177168115
Other_0pct,3,3,0.9997406486064938
Other_0pct,3,4,0.9946412454311694
Other_20pct,3,0,0.9983122528536249
Other_20pct,3,1,0.9651585285637622
Other_20pct,3,2,0.9978842395326017
Other_20pct,3,3,0.9684350119599983
Other_20pct,3,4,0.9985595103082315
Youngs_modulus,4,0,0.9969333529577418
Youngs_modulus,4,1,0.994260206314946
Youngs_modulus,4,2,0.9974570947605909
Youngs_modulus,4,3,0.9977917232938364
Youngs_modulus,4,4,0.9976008759263557
UTS,4,0,0.995866468014108
UTS,4,1,0.9935812946655116
UTS,4,2,0.9956284814382467
UTS,4,3,0.9961463167570247
UTS,4,4,0.996823349692724
Disloc_0pct,4,0,0.983700690180159
Disloc_0pct,4,1,0.9843671237101053
Disloc_0pct,4,2,0.9823287052279367
Disloc_0pct,4,3,0.9851406548222308
Disloc_0pct,4,4,0.9819365983822783
Disloc_20pct,4,0,0.9163791787713164
Disloc_20pct,4,1,0.9219871081532263
Disloc_20pct,4,2,0.9273270467931823
Disloc_20pct,4,3,0.9503488952636183
Disloc_20pct,4,4,0.9226121720201876
FCC_0pct,4,0,0.999697318106712
FCC_0pct,4,1,0.9996749102717652
FCC_0pct,4,2,0.9997121924918232
FCC_0pct,4,3,0.9997437746054396
FCC_0pct,4,4,0.9997170459719924
HCP_0pct,4,0,0.7971201924926594
HCP_0pct,4,1,0.8000801409279237
HCP_0pct,4,2,0.8096797836409972
HCP_0pct,4,3,0.7897851686258454
HCP_0pct,4,4,0.7776149514590835
BCC_0pct,4,0,0.7095445210875124
BCC_0pct,4,1,0.7107524563465204
BCC_0pct,4,2,0.3570305296343721
BCC_0pct,4,3,0.43884108988107673
BCC_0pct,4,4,0.44150726213866665
FCC_20pct,4,0,0.9638258929842183
FCC_20pct,4,1,0.9654616901725172
FCC_20pct,4,2,0.9716911859696025
FCC_20pct,4,3,0.9669685429252294
FCC_20pct,4,4,0.9682479698931719
HCP_20pct,4,0,0.8325733079747298
HCP_20pct,4,1,0.8594693456538043
HCP_20pct,4,2,0.862921707810667
HCP_20pct,4,3,0.8368613908859001
HCP_20pct,4,4,0.8610013112170207
BCC_20pct,4,0,0.9408880592600731
BCC_20pct,4,1,0.9339063004874024
BCC_20pct,4,2,0.9131211234005262
BCC_20pct,4,3,0.9403579618524699
BCC_20pct,4,4,0.9136250445583214
Other_0pct,4,0,0.9995885703216443
Other_0pct,4,1,0.9996341737449483
Other_0pct,4,2,0.9996743170736592
Other_0pct,4,3,0.9997406485799789
Other_0pct,4,4,0.999630465976768
Other_20pct,4,0,0.9983122530713674
Other_20pct,4,1,0.9984634107112372
Other_20pct,4,2,0.9985710136546256
Other_20pct,4,3,0.9984825345044585
Other_20pct,4,4,0.9985595104391749
